role,username,password,name
admin,admin01,tthhmyvqtq,Admin 01
admin,admin02,6x3e6y45s2,Admin 02
admin,admin03,xwv2xxrjny,Admin 03
admin,admin04,wfzbgjshg8,Admin 04
admin,admin05,ptdejadcj7,Admin 05
admin,admin06,4b9m3yf8qh,Admin 06
admin,admin07,6rcbax6apw,Admin 07
admin,admin08,muzfrdrdhy,Admin 08
admin,admin09,t4dqkfwjfj,Admin 09
admin,admin10,jumyhsgt8p,Admin 10
admin,admin11,fkp3yn8kpv,Admin 11
admin,admin12,vpkh4zv4hn,Admin 12
admin,admin13,46dju84m9k,Admin 13
admin,admin14,px26dycs9c,Admin 14
admin,admin15,sbp9hywaks,Admin 15
admin,admin16,yfmd3nmj77,Admin 16
admin,admin17,55zc4pw7rk,Admin 17
admin,admin18,3jzeukjpnp,Admin 18
admin,admin19,kxz5c67u3b,Admin 19
admin,admin20,wmqr88twy5,Admin 20
admin,admin21,aras4anrbq,Admin 21
admin,admin22,57vtvuz8ub,Admin 22
admin,admin23,2dmtan3tuv,Admin 23
admin,admin24,cebbcqbzre,Admin 24
admin,admin25,qymhbcf87n,Admin 25
